Product_title,Brand,Links
"MSI Cyborg Gaming Laptop, 15.6"" IPS FHD 144Hz Display, Intel Core i7-13620H Processor, 32GB DDR5 RAM, 2TB SSD, NVIDIA GeForce RTX 4050 Graphics, Wi-Fi 6, Bluetooth, Backlit Keyboard, Windows 11 Home",MSI,https://www.newegg.com/p/2WC-000C-0FU89?Item=9SIAWVGJV09315&cm_sp=SP-_-1898309-_-0-_-0-_-9SIAWVGJV09315-_-laptops-_-laptop-_-1
"Hasee Z8 (15.6'', i7-11800H, RTX3060), Gaming Laptop, i7-11800H 4.6GHz, 16G DDR4 RAM, 512G NVMe PCIe4.0 SSD, RTX3060 6G GDDR6, 15.6'' 144Hz 1920x1080 FHD IPS Display, RGB KB, WF, BT, Win11, Ore Black",Hasee,https://www.newegg.com/black-hasee-z8-gaming/p/2WC-004U-00037?Item=9SIBDT0JEC8108
"Hasee T8 (16'', i5-12450H, RTX3060), Gaming Laptop, i5-12450H 4.4GHz, 16G DDR4 RAM, 512G NVMe PCIe4.0 SSD, RTX3060 6G GDDR6, 16'' 165Hz FHD+ IPS Display, RGB KB, WiFi6, BT5.2, Win11, Obsidian Black",Hasee,https://www.newegg.com/black-hasee-t8-gaming/p/2WC-004U-00035?Item=9SIBDT0JCD0893
"ASUS ROG Strix G16 Gaming Laptop, 16"" 165Hz Display, Intel Core i7-13650HX Processor (14 core), NVIDIA GeForce RTX 4060, 32GB DDR5 RAM, 1TB SSD, Wi-Fi 6E, Backlit Keyboard, Windows 11 Home",ASUS,https://www.newegg.com/p/2WC-000N-0DT65?Item=9SIAWVGJY80323&cm_sp=SP-_-2065788-_-0-_-2-_-9SIAWVGJY80323-_-laptops-_-laptop-_-4
"MSI Katana 15 B12VFK-265US 15.6"" 144 Hz IPS Intel Core i5 12th Gen 12450H (2.00GHz) NVIDIA GeForce RTX 4060 Laptop GPU 16GB Memory 1 TB NVMe SSD Windows 11 Home 64-bit Gaming Laptop",MSI,https://www.newegg.com/p/N82E16834156431?Item=N82E16834156431
"ASUS TUF Gaming A17 (2023) Gaming Laptop, 17.3"" FHD 144Hz Display, GeForce RTX 4070, AMD Ryzen 9 7940HS, 16GB DDR5, 1TB PCIe 4.0 SSD, Wi-Fi 6, Windows 11, FA707XI-NS94",ASUS,https://www.newegg.com/mecha-gray-asus-tuf-gaming-f17-fa707xi-ns94/p/N82E16834236430?Item=N82E16834236430
"MSI Pulse 15 B13VGK-287US 15.6"" 165 Hz Intel Core i9 13th Gen 13900H (2.60GHz) NVIDIA GeForce RTX 4070 Laptop GPU 32GB Memory 1 TB NVMe SSD Windows 11 Home 64-bit Gaming Laptop",MSI,https://www.newegg.com/p/N82E16834156425?Item=N82E16834156425
"Colorful Gaming Laptop, 15.6"" 144Hz, Intel 12th Gen Core i5 12500H, NVIDIA GeForce RTX 3050 Laptop, 16GB DDR4 Dual Channels Expand to 64GB Memory, 512GB SSD, Thunderbolt 4 Interface, Windows 11 Home",Colorful,https://www.newegg.com/p/2WC-0065-00005?Item=9SIB9RSH4B9755
"Hasee Z8 (15.6'', i7-11800H, RTX3060), Gaming Laptop, i7-11800H 4.6GHz, 16G DDR4 RAM, 512G NVMe PCIe4.0 SSD, RTX3060 6G GDDR6, 15.6'' 144Hz 1920x1080 FHD IPS Display, RGB KB, WF, BT, Win11, Ore Black",Hasee,https://www.newegg.com/black-hasee-z8-gaming/p/2WC-004U-00037?Item=9SIBDT0JEC8108&cm_sp=SP-_-1729114-_-0-_-2-_-9SIBDT0JEC8108-_-laptops-_-laptop-_-9
"MSI Bravo 15 C7VE-010US 15.6"" 144 Hz IPS AMD Ryzen 5 7000 Series 7535HS (3.30GHz) NVIDIA GeForce RTX 4050 Laptop GPU 8GB Memory 512 GB PCIe SSD Windows 11 Home 64-bit Gaming Laptop",MSI,https://www.newegg.com/p/N82E16834156469?Item=N82E16834156469
"MSI GF Series Thin GF63 12VE-068US 15.6"" 144 Hz IPS Intel Core i5 12th Gen 12450H (2.00GHz) NVIDIA GeForce RTX 4050 Laptop GPU 16GB Memory 512 GB NVMe SSD Windows 11 Home 64-bit Gaming Laptop",MSI,https://www.newegg.com/black-msi-gf-series-thin-gf63-12ve-068us-gaming/p/N82E16834156429?Item=N82E16834156429
"ASUS ROG Strix Scar 15 Gaming Laptop, 15.6"" 240Hz IPS Display, Intel Core i9-12900H Processor, NVIDIA GeForce RTX 3070 Ti, 32GB DDR5 RAM, 1TB SSD, Per-Key RGB Keyboard, Wi-Fi 6E, Windows 11 Home",ASUS,https://www.newegg.com/p/2WC-000N-0DT79?Item=9SIAWVGJY81542&cm_sp=SP-_-2065769-_-0-_-2-_-9SIAWVGJY81542-_-laptops-_-laptop-_-12
"MSI GT Series Titan GT77HX 13VI-042US 17.3"" 4K / UHD 144 Hz IPS Intel Core i9 13th Gen 13980HX (2.20GHz) NVIDIA GeForce RTX 4090 Laptop GPU 128GB Memory 4 TB NVMe( 2TB x 2) SSD Windows 11 Pro 64-bit G",MSI,https://www.newegg.com/core-black-msi-gt-series-titan-gt77hx-13vi-042us/p/N82E16834156421?Item=N82E16834156421
"ASUS ROG Zephyrus G14 Gaming Laptop, 14"" FHD 144Hz Display, AMD Ryzen 7 5800HS(Beats i7-11800H), NVIDIA GeForce RTX 3060 Graphics, 40GB RAM, 2TB SSD, Backlit Keyboard, Wi-Fi 6, Windows 11 Home",ASUS,https://www.newegg.com/p/2WC-000N-0DMG1?Item=9SIAWVGJX93911&cm_sp=SP-_-2009079-_-0-_-2-_-9SIAWVGJX93911-_-laptops-_-laptop-_-14
"MSI Pulse 15 B13VGK-1262US 15.6"" 144 Hz IPS Intel Core i7 13th Gen 13620H (2.40GHz) NVIDIA GeForce RTX 4070 Laptop GPU 32GB Memory 1 TB PCIe SSD Windows 11 Pro 64-bit Gaming Laptop",MSI,https://www.newegg.com/p/N82E16834156536?Item=9SIA24GK207026
"MSI GF Series Katana GF76 12UD-005 17.3"" 144 Hz IPS Intel Core i7 12th Gen 12700H (2.30GHz) NVIDIA GeForce RTX 3050 Ti Laptop GPU 16GB Memory 512 GB PCIe SSD Windows 11 Home 64-bit Gaming Laptop",MSI,https://www.newegg.com/black-msi-gf-series-katana-gf76-12ud-005-gaming/p/N82E16834156513?Item=9SIAJA2K2E7431
IPASON BG1 Gaming laptop16-inch 2.5K i7-12700H RTX3060 16GB RAM 512GB SSD ultra-clear high-end thin and light business laptop long life Windows 11 home,IPASON,https://www.newegg.com/p/2WC-005B-00004?Item=9SIAZEBJYJ2232&cm_sp=SP-_-1304164-_-0-_-2-_-9SIAZEBJYJ2232-_-laptops-_-laptop-_-17
"MSI Vector GP66 12UHSO-673 15.6"" 165 Hz Intel Core i9 12th Gen 12900H (2.50GHz) NVIDIA GeForce RTX 3080 Ti Laptop GPU 32 GB DDR5 Memory 1 TB NVMe SSD SSD Windows 11 Home Gaming Laptop",MSI,https://www.newegg.com/p/N82E16834156395?Item=N82E16834156395
"Hasee T8 (16'', i9-12900H, RTX3060), Gaming Laptop, i9-12900H 5.0GHz, 16G DDR4 RAM, 1T NVMe PCIe4.0 SSD, RTX3060 6G GDDR6, 16'' 2.5K 165Hz IPS Display, RGB KB, WiFi 6, BT 5.2, Win 11, Obsidian Black",Hasee,https://www.newegg.com/black-hasee-t8-gaming/p/2WC-004U-00036?Item=9SIBDT0JD50217&cm_sp=SP-_-1381144-_-0-_-2-_-9SIBDT0JD50217-_-laptops-_-laptop-_-19
"Hasee TX (16'', i9-13900HX, RTX4070), Gaming Laptop, i9-13900HX 5.4GHz, 32G DDR5 5600MHz RAM, 1T NVMe PCIe4.0 SSD, RTX4070 8G GDDR6, 16'' 2.5K 165Hz IPS Display, RGB KB,WF6,BT5.2,Win11,BlackHole Black",Hasee,https://www.newegg.com/black-hasee-tx-gaming/p/2WC-004U-00041?Item=9SIBDT0JSS0307&cm_sp=SP-_-1808772-_-0-_-2-_-9SIBDT0JSS0307-_-laptops-_-laptop-_-20
"Acer Predator Triton 300 SE PT316-51s-7397 16.0"" 240 Hz IPS Intel Core i7 12th Gen 12700H (2.30GHz) NVIDIA GeForce RTX 3060 Laptop GPU 16GB Memory 512 GB NVMe SSD Windows 11 Home Gaming Laptop",Acer,https://www.newegg.com/sparkly-silver-acer-predator-triton-300-pt316-51s-7397-gaming/p/N82E16834360226?Item=9SIA24GJTW4693
"Acer Nitro 16 AN16-41-R5KC 16.0"" 165 Hz IPS AMD Ryzen 9 7000 Series 7940HS (4.00GHz) NVIDIA GeForce RTX 4070 Laptop GPU 16GB Memory 1 TB PCIe SSD Windows 11 Home 64-bit Gaming Laptop",Acer,https://www.newegg.com/obsidian-black-acer-nitro-16-an16-41-r1we-gaming/p/N82E16834360270?Item=9SIA24GK1P0544
"Acer Nitro 5 AN515-46-R5XN 15.6"" 165 Hz IPS AMD Ryzen 7 6000 Series 6800H (3.20GHz) NVIDIA GeForce RTX 3070 Ti Laptop GPU 16GB Memory 1 TB PCIe SSD Windows 11 Home 64-bit Gaming Laptop",Acer,https://www.newegg.com/obsidian-black-acer-nitro-5-an515-46-r5xn-gaming/p/N82E16834360253?Item=N82E16834360253
"MSI Pulse 15 B13VFK-1263US 15.6"" 144 Hz IPS Intel Core i7 13th Gen 13620H (2.40GHz) NVIDIA GeForce RTX 4060 Laptop GPU 32GB Memory 1 TB PCIe SSD Windows 11 Pro 64-bit Gaming Laptop",MSI,https://www.newegg.com/p/N82E16834156537?Item=9SIA24GK207025
"Lenovo Legion Pro 5 16IRX8 82WK00AHUS 16.0"" 165 Hz IPS Intel Core i9 13th Gen 13900HX (2.20GHz) NVIDIA GeForce RTX 4070 Laptop GPU 32GB Memory 1 TB PCIe SSD Windows 11 Home 64-bit Gaming Laptop",Lenovo,https://www.newegg.com/onyx-grey-aluminium-pc-abs-lenovo-legion-pro-5-16irx8-82wk00ahus-gaming/p/N82E16834840206?Item=N82E16834840206
"ASUS ROG Strix G16 (2023) Gaming Laptop, 16"" Nebula Display 16:10 QHD 240Hz, GeForce RTX 4070, Intel Core i9-13980HX, 32GB DDR5, 1TB PCIe SSD, Wi-Fi 6E, Windows 11 Pro, G614JI-XS96",ASUS,https://www.newegg.com/eclipse-gray-asus-rog-strix-g16-g614ji-xs96-gaming/p/N82E16834236376?Item=N82E16834236376
"ASUS ROG Zephyrus Duo 16 (2022) Gaming Laptop, 16"" 165Hz ROG Nebula HDR QHD 16:10 Display, NVIDIA GeForce RTX 3070 Ti, AMD Ryzen 9 6900HX, 32GB DDR5, 1TB SSD, Windows 11 Pro, GX650RW-XS96",ASUS,https://www.newegg.com/black-asus-rog-zephyrus-duo-16-gx650rw-xs96-gaming/p/N82E16834236140?Item=N82E16834236140
"GIGABYTE G5 KF-E3US333SH 15.6"" 144 Hz Intel Core i5 12th Gen 12500H (2.50GHz) NVIDIA GeForce RTX 4060 Laptop GPU 8GB Memory 512 GB Gen4 SSD Windows 11 Home 64-bit Gaming Laptop",GIGABYTE,https://www.newegg.com/p/N82E16834233559?Item=N82E16834233559
"Lenovo Legion Pro 7 16IRX8H 82WQ005CUS 16.0"" 240 Hz IPS Intel Core i9 13th Gen 13900HX (2.20GHz) NVIDIA GeForce RTX 4090 Laptop GPU 32GB Memory 1 TB PCIe SSD Windows 11 Home 64-bit Gaming Laptop",Lenovo,https://www.newegg.com/onyx-grey-lenovo-legion-pro-7-16irx8h-82wq005cus-gaming/p/N82E16834840207?Item=N82E16834840207
"ASUS ROG Strix SCAR 18 (2023) Gaming Laptop, 18"" Nebula Display 16:10 QHD 240Hz/3ms, GeForce RTX 4090, Intel Core i9-13980HX, 32GB DDR5, 2TB PCIe SSD, Wi-Fi 6E, Windows 11 Pro, G834JY-XS97",ASUS,https://www.newegg.com/black-asus-rog-strix-scar-18-g834jy-xs97-gaming/p/N82E16834236365?Item=N82E16834236365
"GIGABYTE AERO 16 XE5 - 16"" 4K/UHD+ AMOLED - Intel Core i7-12700H - NVIDIA GeForce RTX 3070 Ti Laptop GPU 8GB - 16GB DDR5 RAM - 1TB SSD - Win11 Home - Creator & Gaming Laptop (AERO 16 XE5-73US934HH)",GIGABYTE,https://www.newegg.com/p/N82E16834233529?Item=N82E16834233529
"Acer Predator Helios 16 PH16-71-72YG 16.0"" 240 Hz IPS Intel Core i7 13th Gen 13700HX (2.10GHz) NVIDIA GeForce RTX 4070 Laptop GPU 16GB Memory 1 TB PCIe SSD Windows 11 Home 64-bit Gaming Laptop",Acer,https://www.newegg.com/abyssal-black-acer-predator-helios-16-ph16-71-72yg-gaming/p/N82E16834360250?Item=N82E16834360250
"ASUS TUF Gaming F17 (2022) Gaming Laptop, 17.3"" FHD 144Hz Display, GeForce RTX 3050, Intel Core i5-12500H, 16GB DDR4, 512GB PCIe SSD, Wi-Fi 6, Windows 11, FX707ZC-ES53",ASUS,https://www.newegg.com/mecha-gray-asus-tuf-gaming-f17-fx707zc-es53/p/N82E16834236440?Item=9SIA7ABK1Y4385
"ASUS ROG Strix G17 (2023) Gaming Laptop, 17.3” QHD 240Hz, GeForce RTX 4060, AMD Ryzen 9 7945HX, 16GB DDR5, 1TB PCIe SSD, Wi-Fi 6E, Windows 11, G713PV-DS94",ASUS,https://www.newegg.com/eclipse-gray-asus-rog-strix-g17-g713pi-ds94-gaming/p/N82E16834236374?Item=N82E16834236374
"ASUS ROG Strix SCAR 17 (2023) Gaming Laptop, 17.3” QHD 240Hz/3ms, 100% DCI-P3 Display, GeForce RTX 4090, AMD Ryzen 9 7945HX, 32GB DDR5, 1TB PCIe SSD, Wi-Fi 6E, Windows 11 Pro, G733PY-XS96",ASUS,https://www.newegg.com/off-black-asus-rog-strix-scar-17-g733py-xs96-gaming/p/N82E16834236375?Item=N82E16834236375
"MSI GE Series GE76 Raider 11UE-1056 17.3"" 144 Hz IPS Intel Core i7 11th Gen 11800H (2.30GHz) NVIDIA GeForce RTX 3060 Laptop GPU 16GB Memory 1 TB NVMe SSD Windows 11 Home 64-bit Gaming Laptop",MSI,https://www.newegg.com/titanium-blue-msi-ge-series-ge76-raider-11ue-1056-gaming/p/N82E16834156341?Item=N82E16834156341
"ASUS TUF Gaming A15 (2023) Gaming Laptop, 15.6"" FHD 144Hz, 100% sRGB Display, GeForce RTX 4050, AMD Ryzen 7 7735HS, 16GB DDR5, 1TB PCIe SSD, Wi-Fi 6, Windows 11, FA507NU-DS74",ASUS,https://www.newegg.com/mecha-gray-asus-tuf-gaming-a15-fa507nu-ds74/p/N82E16834236389?Item=9SIA7ABJUR5720
"MSI Cyborg 15 A12UCX-276US 15.6"" 144 Hz IPS Intel Core i5 12th Gen 12450H (2.00GHz) NVIDIA GeForce RTX 2050 Laptop GPU 16GB Memory 512 GB SSD Windows 11 Home Gaming Laptop",MSI,https://www.newegg.com/p/N82E16834156487?Item=N82E16834156487
"MSI Stealth 17 Studio A13VI-017US 17.3"" 240 Hz Intel Core i9 13th Gen 13900H (2.60GHz) NVIDIA GeForce RTX 4090 Laptop GPU 64GB Memory 2 TB NVMe SSD Windows 11 Pro 64-bit Gaming Laptop",MSI,https://www.newegg.com/p/N82E16834156423?Item=N82E16834156423
"Lenovo Legion Pro 5 16IRX8 82WK000BUS 16.0"" 165 Hz IPS Intel Core i7 13th Gen 13700HX (2.10GHz) NVIDIA GeForce RTX 4060 Laptop GPU 16GB Memory 1 TB PCIe SSD Windows 11 Home 64-bit Gaming Laptop",Lenovo,https://www.newegg.com/onyx-grey-aluminium-pc-abs-lenovo-legion-pro-5-16irx8-82wk000bus-gaming/p/N82E16834840205?Item=N82E16834840205
"Hasee T8 (16'', i5-12450H, RTX3060), Gaming Laptop, i5-12450H 4.4GHz, 16G DDR4 RAM, 512G NVMe PCIe4.0 SSD, RTX3060 6G GDDR6, 16'' 165Hz FHD+ IPS Display, RGB KB, WiFi6, BT5.2, Win11, Obsidian Black",Hasee,https://www.newegg.com/black-hasee-t8-gaming/p/2WC-004U-00035?Item=9SIBDT0JCD0893&cm_sp=SP-_-1381144-_-0-_-2-_-9SIBDT0JCD0893-_-laptops-_-laptop-_-41
"Hasee TX (16'', i9-13900HX, RTX4060), Gaming Laptop, i9-13900HX 5.4GHz, 16G DDR5 5600MHz RAM, 1T NVMe PCIe4.0 SSD, RTX4060 8G GDDR6, 16'' 2.5K 165Hz IPS Display, RGB KB,WF6,BT5.2,Win11,BlackHole Black",Hasee,https://www.newegg.com/black-hasee-t8-gaming/p/2WC-004U-00039?Item=9SIBDT0JKG4827&cm_sp=SP-_-1808772-_-0-_-2-_-9SIBDT0JKG4827-_-laptops-_-laptop-_-42
"GIGABYTE AORUS 17H - 17.3"" FHD 1920x1080 360Hz Display - NVIDIA GeForce RTX 4080 Laptop GPU 12GB - Intel Core i7-13700H - 16GB DDR5 RAM - 1TB SSD - Win11 Home - Gaming Laptop (AORUS 17H BXF-74US554SH)",GIGABYTE,https://www.newegg.com/p/N82E16834233554?Item=N82E16834233554
"MSI GE Series Raider GE76 12UGS-201 17.3"" 360 Hz IPS Intel Core i7 12th Gen 12700H (2.30GHz) NVIDIA GeForce RTX 3070 Ti Laptop GPU 32GB Memory 1 TB PCIe SSD Windows 11 Home 64-bit Gaming Laptop",MSI,https://www.newegg.com/titanium-blue-msi-ge-series-raider-ge76-12ugs-201-gaming/p/N82E16834156541?Item=N82E16834156541
"MSI GE Series Raider GE78 HX 13VI-079US 17.0"" 240 Hz IPS Intel Core i9 13th Gen 13980HX (2.20GHz) NVIDIA GeForce RTX 4090 Laptop GPU 32GB Memory 2 TB NVMe SSD Windows 11 Pro 64-bit Gaming Laptop",MSI,https://www.newegg.com/dark-gray-msi-ge-series-raider-ge78-hx-13vi-079us-gaming/p/N82E16834156416?Item=N82E16834156416
"GIGABYTE AORUS 5 SE4 - 15.6"" FHD 1920x1080 144Hz - Intel Core i7-12700H - NVIDIA GeForce RTX 3070 Laptop GPU 8GB GDDR6 - 16GB DDR4 RAM - 512GB SSD - Win11 Home - Gaming Laptop (AORUS 5 SE4-73US213SH)",GIGABYTE,https://www.newegg.com/p/1TS-004X-00010?Item=9SIADG3JJX2801
"MSI GF Series Katana GF66 11UD-002 15.6"" 144 Hz IPS Intel Core i7 11th Gen 11800H (2.30GHz) NVIDIA GeForce RTX 3050 Ti Laptop GPU 16GB Memory 512 GB PCIe SSD Windows 10 Home 64-bit Gaming Laptop",MSI,https://www.newegg.com/core-black-msi-gf-series-katana-gf66-11ud-002-gaming/p/N82E16834156414?Item=N82E16834156414
"ASUS TUF Gaming F15 Gaming Laptop, 15.6"" 144Hz FHD IPS-Type Display, Intel Core i5-11400H Processor, GeForce RTX 3050, 8GB DDR4 RAM, 512GB PCIe SSD, Wi-Fi 6, Windows 11 Home, FX506HC-UB51",ASUS,https://www.newegg.com/eclipse-gray-asus-tuf-gaming-f15-fx506hc-ub51/p/N82E16834236458?Item=N82E16834236458
"GIGABYTE AORUS 15 XE5 - 15.6"" 165 Hz QHD 2560x1440 IPS-level Display - Intel Core i7-12700H - NVIDIA GeForce RTX 3070 Ti - 16GB DDR5 - 1TB SSD - Win11 Home - Gaming Laptop (AORUS 15 XE5-73USB34SH)",GIGABYTE,https://www.newegg.com/p/N82E16834725204?Item=N82E16834725204
"Acer Nitro 5 AN515-58-76ND 15.6"" 165 Hz IPS Intel Core i7 12th Gen 12700H (2.30GHz) NVIDIA GeForce RTX 3060 Laptop GPU 16GB Memory 512 GB PCIe SSD Windows 11 Home 64-bit Gaming Laptop",Acer,https://www.newegg.com/obsidian-black-acer-nitro-5-an515-58-76nd-gaming/p/N82E16834360286?Item=N82E16834360286
"MSI GF Series Thin GF63 12UCX-484US 15.6"" 144 Hz IPS Intel Core i5 12th Gen 12450H (2.00GHz) NVIDIA GeForce RTX 2050 Laptop GPU 8GB Memory 512 GB NVMe SSD Windows 11 Home 64-bit Gaming Laptop",MSI,https://www.newegg.com/black-msi-gf-series-thin-gf63-12ucx-484us-gaming/p/N82E16834156515?Item=N82E16834156515
"Lenovo Legion 5 15ARH7H 82RD006EUS 15.6"" 165 Hz IPS AMD Ryzen 7 6000 Series 6800H (3.20GHz) NVIDIA GeForce RTX 3060 Laptop GPU 16GB Memory 512 GB SSD Gaming Laptop",Lenovo,https://www.newegg.com/storm-grey-lenovo-legion-5-15arh7h-82rd006eus-gaming/p/N82E16834646955?Item=9SIADG3JY42453
"HP Victus 16-d1010nr 16.1"" 144 Hz IPS Intel Core i7 12th Gen 12700H (2.30GHz) NVIDIA GeForce RTX 3060 Laptop GPU 16GB Memory 512 GB PCIe SSD Windows 11 Home 64-bit Gaming Laptop",HP,https://www.newegg.com/top-cover-mica-silver-keyboard-deck-mica-silver-logo-dark-chrome-hp-victus-16-d1010nr-gaming/p/N82E16834273668?Item=N82E16834273668
"MSI GE Series Raider GE68HX 13VG-047US 16.0"" 240 Hz Intel Core i9 13th Gen 13950HX (2.20GHz) NVIDIA GeForce RTX 4070 Laptop GPU 32GB Memory 2 TB NVMe SSD Windows 11 Pro 64-bit Gaming Laptop",MSI,https://www.newegg.com/black-msi-ge-series-raider-ge68hx-13vg-047us-gaming/p/N82E16834156418?Item=N82E16834156418
"Acer Predator Helios 16 PH16-71-94FB 16.0"" 250 Hz Mini LED Intel Core i9 13th Gen 13900HX (2.20GHz) NVIDIA GeForce RTX 4080 Laptop GPU 32GB Memory 2 TB PCIe SSD Windows 11 Home 64-bit Gaming Laptop",Acer,https://www.newegg.com/abyssal-black-acer-predator-helios-16-ph16-71-94fb-gaming/p/N82E16834360271?Item=N82E16834360271
"Lenovo LOQ 16IRH8 82XW001WUS 16.0"" 144 Hz IPS Intel Core i7 13th Gen 13620H (2.40GHz) NVIDIA GeForce RTX 4050 Laptop GPU 16GB Memory 512 GB PCIe SSD Windows 11 Home 64-bit Gaming Laptop",Lenovo,https://www.newegg.com/storm-grey-lenovo-loq-16irh8-82xw001wus-gaming/p/N82E16834840204?Item=N82E16834840204
"MSI Bravo 17 C7VFK-039US 17.3"" 144 Hz IPS AMD Ryzen 7 7000 Series 7735HS (3.20GHz) NVIDIA GeForce RTX 4060 Laptop GPU 32GB Memory 1 TB PCIe SSD Windows 11 Pro 64-bit Gaming Laptop",MSI,https://www.newegg.com/p/N82E16834156531?Item=N82E16834156531
"Razer Blade 18 Gaming Laptop 18.0"" QHD+ 240 Hz Intel Core i9 13th Gen 13950HX (2.20GHz) NVIDIA GeForce RTX 4080 Laptop GPU 32 GB DDR5 5600MHz Memory 1 TB SSD Windows 11 Home Gaming Laptop",Razer,https://www.newegg.com/black-razer-blade-18-rz09-0484teh3-r3u1-gaming/p/N82E16834326091?Item=N82E16834326091
"MSI Katana 15 B13VGK-1007US 15.6"" 144 Hz IPS Intel Core i9 13th Gen 13900H (2.60GHz) NVIDIA GeForce RTX 4070 Laptop GPU 32GB Memory 1 TB PCIe SSD Windows 11 Home 64-bit Gaming Laptop",MSI,https://www.newegg.com/p/N82E16834156508?Item=N82E16834156508
"ASUS TUF Gaming F15 (2022) Gaming Laptop, 15.6"" FHD 144Hz Display, GeForce RTX 3050, Intel Core i5-12500H, 16GB DDR4, 512GB PCIe SSD, Wi-Fi 6, Windows 11, FX507ZC-ES53",ASUS,https://www.newegg.com/mecha-gray-asus-tuf-gaming-f15-fx507zc-es53/p/N82E16834236448?Item=N82E16834236448
"MSI GE Series Raider GE77HX 12UHS-074 17.3"" 360 Hz IPS Intel Core i7 12th Gen 12800HX (2.00GHz) NVIDIA GeForce RTX 3080 Ti Laptop GPU 16GB Memory 1 TB PCIe SSD Windows 11 Home 64-bit Gaming Laptop",MSI,https://www.newegg.com/dark-gray-msi-ge-series-raider-ge77hx-12uhs-074-gaming/p/N82E16834156339?Item=9SIA1K6JAW3206
"Acer Predator Helios 300 PH315-54-714U 15.6"" 144 Hz IPS Intel Core i7 11th Gen 11800H (2.30GHz) NVIDIA GeForce RTX 3060 Laptop GPU 16GB Memory 512 GB PCIe SSD 1TB HDD Windows 11 Home 64-bit Gaming Lap",Acer,https://www.newegg.com/abyss-black-acer-predator-helios-300-ph315-54-714u-gaming/p/1TS-000X-03GU4?Item=9SIA1CZJ1C3909
"Lenovo IdeaPad Gaming 3 15IHU6 82K1015EUS 15.6"" 120 Hz IPS Intel Core i5 11th Gen 11300H (3.10 GHz) NVIDIA GeForce RTX 3050 Laptop GPU 8GB Memory 256 GB PCIe SSD Windows 11 Home 64-bit Gaming Laptop",Lenovo,https://www.newegg.com/shadow-black-lenovo-ideapad-gaming-3-15ihu6-82k1015eus/p/N82E16834646489?Item=9SIAEYJJB70829
"New MSI Delta 15.6"" FHD Laptop | Ryzen R7-5800H Processor | AMD Radeon RX 6700M Graphics | 32GB Memory | 1TB SSD | Backlit Keyboard | Black | Bundle with Mouse Pad",New,https://www.newegg.com/p/2WC-000C-0FF75?Item=9SIAEYJJMU4733
"Acer Predator Triton X PTX17-71-99W5 17.0"" 240 Hz Mini LED Intel Core i9 13th Gen 13900HX (2.20GHz) NVIDIA GeForce RTX 4090 Laptop GPU 64GB Memory 2 TB PCIe SSD Windows 11 Home 64-bit Gaming Laptop",Acer,https://www.newegg.com/abyssal-black-acer-predator-triton-x-ptx17-71-99w5-gaming/p/N82E16834360252?Item=N82E16834360252
"Razer Blade 16 RZ09-0483TEH3-R3U1 16.0"" QHD+ 240 Hz Intel Core i9 13th Gen 13950HX (2.20GHz) NVIDIA GeForce RTX 4080 Laptop GPU 32 GB DDR5 Memory 1 TB PCIe SSD Windows 11 Home Gaming Laptop",Razer,https://www.newegg.com/black-razer-blade-16-rz09-0483teh3-r3u1/p/N82E16834326089?Item=N82E16834326089
"MSI GF Series GF63 Thin 11UC-1246 15.6"" 144 Hz IPS Intel Core i7 11th Gen 11800H (2.30GHz) NVIDIA GeForce RTX 3050 Laptop GPU 32GB Memory 1 TB NVMe SSD Windows 11 Home 64-bit Gaming Laptop",MSI,https://www.newegg.com/black-msi-gf-series-gf63-thin-11uc-1246-gaming/p/N82E16834156432?Item=9SIA3FAK197669
"MSI Katana 17 B12VGK-217CA 17.3"" 144 Hz Intel Core i7 12th Gen 12650H (2.30GHz) NVIDIA GeForce RTX 4070 Laptop GPU 16GB Memory 1 TB PCIe SSD Windows 11 Home 64-bit Gaming Laptop",MSI,https://www.newegg.com/p/N82E16834156448?Item=9SIAD6HJJ01279
"MSI Vector GP77 13VG-033CA 17.3"" 240 Hz Intel Core i7 13th Gen 13700H (2.40GHz) NVIDIA GeForce RTX 4070 Laptop GPU 32GB Memory 1 TB PCIe SSD Windows 11 Home 64-bit Gaming Laptop",MSI,https://www.newegg.com/p/N82E16834156453?Item=9SIAFVFJN74301
"GIGABYTE AERO 14 OLED BMF-72USBB4SH 14.0"" 90 Hz OLED Intel Core i7 13th Gen 13700H (2.40GHz) NVIDIA GeForce RTX 4050 Laptop GPU 16GB Memory 1 TB Gen4 SSD Windows 11 Home 64-bit Gaming Laptop",GIGABYTE,https://www.newegg.com/p/N82E16834233557?Item=N82E16834233557
"MSI Sword 15 A11UD-1248 15.6"" 144 Hz IPS Intel Core i7 11th Gen 11800H (2.30GHz) NVIDIA GeForce RTX 3050 Ti Laptop GPU 8GB Memory 512 GB NVMe SSD Windows 11 Home 64-bit Gaming Laptop",MSI,https://www.newegg.com/p/N82E16834156360?Item=9SIAE4NJPN6481
"ASUS TUF Gaming F15 (2023) Gaming Laptop, 15.6"" FHD 144Hz, 100% sRGB Display, GeForce RTX 4050, Intel Core i5-13500H, 16GB DDR4, 512GB PCIe SSD Gen 4, Wi-Fi 6, Windows 11, FX507VU-ES53",ASUS,https://www.newegg.com/mecha-gray-asus-tuf-gaming-f15-fx507vu-es53/p/N82E16834236467?Item=N82E16834236467
"Colorful Gaming Laptop, Intel 13th Gen Core i7-13700HX, NVIDIA GeForce RTX 4060 Laptop, 15.6"" 165Hz IPS Screen 16GB DDR5 4800MHz, 512GB SSD, Windows 11 Home (Grey)",Colorful,https://www.newegg.com/p/2WC-0065-00021?Item=9SIB9RSJXT8758
"Acer Nitro 5 - 15.6"" 165 Hz IPS - AMD Ryzen 7 6000 Series 6800H (3.20GHz) - NVIDIA GeForce RTX 3070 Ti Laptop GPU - 32 GB DDR5 - 1 TB PCIe SSD - Windows 11 Home 64-bit - Gaming Laptop (AN515-46-R5XN )",Acer,https://www.newegg.com/obsidian-black-acer-nitro-5-an515-46-r5xn/p/2WC-000K-025U1?Item=9SIAMRPJY79972
"ASUS ROG Strix Scar 15 Gaming Laptop, 15.6"" 240Hz IPS Display, Intel Core i9-12900H Processor, NVIDIA GeForce RTX 3070 Ti, 32GB DDR5 RAM, 1TB SSD, Per-Key RGB Keyboard, Wi-Fi 6E, Windows 11 Home",ASUS,https://www.newegg.com/p/2WC-000N-0DT79?Item=9SIAWVGJY81542
"Razer Blade 16 - 16"" DUAL-MODE (UHD+ 120Hz/FHD+ 240Hz) Mini-LED - 13th Gen Intel Core i9 13950HX - NVIDIA GeForce RTX 4070 - 32GB DDR5 - 1TB PCIe SSD - Win11 Home - Gaming Laptop (RZ09-0483SEJ3-R3U1)",Razer,https://www.newegg.com/black-razer-blade-16-rz09-0483sej3-r3u1-gaming/p/N82E16834326095?Item=N82E16834326095
"Acer Nitro 5 Gaming Laptop, 15.6"" 144Hz FHD Display, Intel Core i7-11800H Upto 4.6GHz, 32GB RAM, 2TB NVMe SSD, NVIDIA GeForce RTX 3050 Ti Laptop GPU, HDMI, Wi-Fi, Bluetooth, Windows 11 Pro",Acer,https://www.newegg.com/black-acer-nitro-5-gaming/p/2WC-000K-01PN5?Item=9SIAA0SJPM1448
"New ASUS ROG Zephyrus 14"" FHD 144Hz Gaming Laptop | AMD R7-5800HS Processor | NVIDIA GeForce RTX 3060 | 16GB RAM | 1024GB SSD | Backlit Keyboard | Windows 11 Home | Bundled with Gaming Mouse",New,https://www.newegg.com/p/2WC-000N-0CVZ6?Item=9SIAEYJJVG3784
"ASUS ROG Strix G16 Gaming Laptop, 16"" 165Hz Display, Intel Core i7-13650HX Processor (14 core), NVIDIA GeForce RTX 4060, 32GB DDR5 RAM, 1TB SSD, Wi-Fi 6E, Backlit Keyboard, Windows 11 Home",ASUS,https://www.newegg.com/p/2WC-000N-0DT65?Item=9SIAWVGJY80323
"Acer Nitro 5 AN515-46-R0EQ 15.6"" 165 Hz IPS AMD Ryzen 7 6000 Series 6800H (3.20GHz) NVIDIA GeForce RTX 3070 Ti Laptop GPU 32GB Memory 1 TB PCIe SSD Windows 11 Home 64-bit Gaming Laptop",Acer,https://www.newegg.com/obsidian-black-acer-nitro-5-an515-46-r0eq-gaming/p/N82E16834360247?Item=9SIADG3JPH0828
"Colorful Gaming Laptop, Intel 13th Gen Core i7-13700HX, NVIDIA GeForce RTX 4060 Laptop, 15.6"" 165Hz IPS Screen 16GB DDR5 4800MHz, 512GB SSD, Windows 11 Home (Blue)",Colorful,https://www.newegg.com/p/2WC-0065-00018?Item=9SIB9RSJN40707
"MSI GS Series Stealth GS77 12UHS-083 17.3"" 240 Hz Intel Core i7 12th Gen 12700H (2.30GHz) NVIDIA GeForce RTX 3080 Ti Laptop GPU 32GB Memory 1TB NVMe SSD Windows 11 Pro 64-bit Gaming Laptop",MSI,https://www.newegg.com/core-black-msi-gs-series-stealth-gs77-12uhs-083-gaming/p/N82E16834156185?Item=9SIA1K6JAY9597
"Acer Predator Helios 16 PH16-71-948L Intel Core i9 13th Gen 13900HX (2.20GHz) NVIDIA GeForce RTX 4080 Laptop GPU 32 GB DDR5 1 TB PCIe Gen 4 SSD 16"" WQXGA 240 Hz IPS Windows 11 Home Gaming Laptop",Acer,https://www.newegg.com/abyssal-black-acer-predator-helios-16-ph16-71-948l-gaming/p/1TS-000X-04YH0?Item=1TS-000X-04YH0
"ASUS TUF Gaming A15 Gaming Laptop, 15.6” 144Hz Full HD IPS-Type, AMD Ryzen 9 5900HX, GeForce RTX 3060, 16GB DDR4, 512GB PCIe SSD, Wi-Fi 6, Windows 11 Home, FA506QM-EB93",ASUS,https://www.newegg.com/eclipse-gray-asus-tuf-gaming-a15-fa506qm-eb93/p/N82E16834236318?Item=9SIA7ABJK58343
"ASUS TUF Gaming F17 (2023) Gaming Laptop, 17.3"" FHD 144Hz Display, GeForce RTX 4050, AMD Ryzen 7 7735HS, 32GB DDR5, 2TB PCIe 4.0 SSD, Wi-Fi 6, Windows 11, FA707NU-DS74",ASUS,https://www.newegg.com/gray-xotic-pc-tuf-gaming-a17-fa707nu-ds74/p/2WC-000N-0D4D3?Item=9SIAAPKJVX2878
"Lenovo LOQ Laptop, GeForce RTX 4050 Laptop GPU 6GB GDDR6, 1TB SSD",Lenovo,https://www.newegg.com/p/2WC-000J-02EC5?Item=9SIAHRCJWS9838
"GIGABYTE AORUS 7 - 17.3"" FHD 1920x1080 360Hz - NVIDIA GeForce RTX 4060 Laptop GPU 8GB GDDR6 - Intel Core i5-12500H - 16GB DDR4 RAM - 512GB SSD - Win11 Home - Gaming Laptop (AORUS 7 9KF-E3US513SH)",GIGABYTE,https://www.newegg.com/p/N82E16834725217?Item=N82E16834725217
"MSI GE Series GE66 Raider 11UG-271 15.6"" 165 Hz Intel Core i9 11th Gen 11980HK (2.60GHz) NVIDIA GeForce RTX 3070 Laptop GPU 32GB Memory 1 TB NVMe SSD Windows 10 Home 64-bit Gaming Laptop",MSI,https://www.newegg.com/titanium-blue-msi-ge-series-ge66-raider-11ug-271-gaming-entertainment/p/N82E16834155921?Item=N82E16834155921
"New Acer Nitro 15.6"" FHD IPS 144Hz Laptop| Intel Core i5-11400H Processor | NVIDIA GeForce RTX 3050Ti Graphics| 32GB RAM | 1TB SSD+2TB HDD | Backlit Keyboard | Windows 11 Home | Bundled with Mouse Pad",New,https://www.newegg.com/p/2WC-000K-02B60?Item=9SIAEYJK088350
"MSI GL Series Pulse GL76 12UEK-052 17.3"" 144 Hz IPS Intel Core i7 12th Gen 12700H (2.30GHz) NVIDIA GeForce RTX 3060 Laptop GPU 16GB Memory 512GB NVMe SSD Windows 11 Home 64-bit Gaming Laptop",MSI,https://www.newegg.com/black-msi-gl-series-pulse-gl76-12uek-052-gaming/p/N82E16834156192?Item=9SIA8X5JVV2452
"Razer Blade 15 RZ09-0485ZED3-R3U1 15.6"" 240 Hz Intel Core i7 13th Gen 13800H (2.50GHz) NVIDIA GeForce RTX 4070 Laptop GPU 16GB Memory 1 TB PCIe SSD Windows 11 Home 64-bit Gaming Laptop",Razer,https://www.newegg.com/black-razer-blade-15-rz09-0485zed3-r3u1-gaming/p/N82E16834326099?Item=N82E16834326099
"ASUS VivoBook Pro Gaming Laptop, 16"" Display, Intel Core i7-12650H Upto 4.7GHz, 32GB RAM, 1TB NVMe SSD, NVIDIA GeForce RTX 3050 Ti, HDMI, Thunderbolt, Windows 11 Home (N7600ZE-EB77)",ASUS,https://www.newegg.com/grey-asus-vivobook-pro-gaming/p/2WC-000N-0BXW4?Item=9SIAA0SJTY9126
"Acer Nitro 5 Gaming Laptop, 15.6"" 144Hz FHD Display, Intel Core i7-11800H Upto 4.6GHz, 32GB RAM, 1TB NVMe SSD, NVIDIA GeForce RTX 3050 Ti Laptop GPU, HDMI, Wi-Fi, Bluetooth, Windows 11 Home",Acer,https://www.newegg.com/black-acer-nitro-5-gaming/p/2WC-000K-01PP8?Item=9SIAKKBJPN6327
"MSI GF Series GF63 Thin 11UC-1245 15.6"" 144 Hz IPS Intel Core i7 11th Gen 11800H (2.30GHz) NVIDIA GeForce RTX 3050 Laptop GPU 16GB Memory 512 GB NVMe SSD Windows 11 Home 64-bit Gaming Laptop",MSI,https://www.newegg.com/black-msi-gf-series-gf63-thin-11uc-1245-gaming/p/N82E16834156433?Item=9SIB9A6JWH1255
"MSI Pulse GL66 11UCK-1250 15.6"" 60 Hz IPS Intel Core i5 11th Gen 11400H (2.70GHz) NVIDIA GeForce RTX 3050 Laptop GPU 8GB Memory 512 GB NVMe SSD SSD Windows 11 Home Gaming Laptop",MSI,https://www.newegg.com/p/N82E16834156392?Item=9SIA8X5JX73491
"MSI GF63 Thin Gaming Laptop, 15.6"" FHD IPS 144Hz, 12th Gen Intel 10-Core i7-12650H, Geforce RTX 4050, 64GB DDR4, 2TB PCIe SSD+2TB HDD, Backlit, RJ45, USB-C, WIFi 6, SPS HDMI 2.1 Cable, Win 11",MSI,https://www.newegg.com/p/2WC-000C-0G1H0?Item=9SIA6V6JUV4677
"MSI GF Series - 15.6"" 144 Hz IPS - Intel Core i5 12th Gen 12450H (2.00GHz) - NVIDIA GeForce RTX 4050 - 32 GB DDR4 - 512 GB NVMe SSD - Windows 11 Home 64-bit - Gaming Laptop (Thin GF63 12VE)",MSI,https://www.newegg.com/black-xotic-pc-gf-series-thin-gf63-12ve-xo1-gaming/p/2WC-000C-0GV38?Item=9SIAAPKJYM3847
"MSI GE Series Raider GE66 12UHS-236 15.6"" 240 Hz Intel Core i7 12th Gen 12700H (2.30GHz) NVIDIA GeForce RTX 3080 Ti Laptop GPU 32GB Memory 1TB NVMe SSD Windows 11 Home 64-bit Gaming Laptop",MSI,https://www.newegg.com/titanium-blue-msi-ge-series-raider-ge66-12uhs-236-gaming/p/N82E16834156182?Item=9SIAFXNHDN5396
"Razer Blade 18 RZ09-0484REH3-R3U1 18.0"" 240 Hz Intel Core i9 13th Gen 13950HX (2.20GHz) NVIDIA GeForce RTX 4060 Laptop GPU 16GB Memory 1 TB PCIe SSD Windows 11 Home 64-bit Gaming Laptop",Razer,https://www.newegg.com/black-razer-blade-18-rz09-0484reh3-r3u1-gaming/p/N82E16834326096?Item=N82E16834326096
"Acer Nitro 5 Gaming Laptop, 15.6"" 144Hz FHD Display, Intel Core i7-11800H Upto 4.6GHz, 32GB RAM, 512GB NVMe SSD, NVIDIA GeForce RTX 3050 Ti Laptop GPU, HDMI, Wi-Fi, Bluetooth, Windows 11 Pro",Acer,https://www.newegg.com/black-acer-nitro-5-gaming/p/2WC-000K-01PP2?Item=9SIAKKBJPM2189
"Lenovo Legion 5 Pro Gaming Laptop, 16"" QHD IPS 165Hz Display, AMD Ryzen 7 5800H (Beat i9-10980HK), GeForce RTX 3070 140W, 32GB 3200MHz RAM, 1TB PCIe SSD, USB-C, HDMI, RJ45, WiFi 6, RGB KB, Win 11",Lenovo,https://www.newegg.com/p/2WC-000J-01AM9?Item=9SIA6V6GZ62851
"Newest ASUS TUF Gaming 17.3"" Laptop, Intel 11th Generation Core i5-11260H processor,17.3"" FHD display with 144Hz, 8GB RAM,512GBSSD,NVIDIA GeForce RTX3050 Ti, Backlit keyboard, Windows 10 Home OS",Newest,https://www.newegg.com/p/2WC-000N-04VX2?Item=9SIAEYJFVX8282
"ASUS ROG Gaming & Entertainment Laptop (AMD Ryzen 9 6900HS 8-Core, 13.4"" 120Hz Touch Wide UXGA (1920x1200), GeForce RTX 3050 Ti, 16GB LPDDR5 6400MHz RAM, Win 11 Home) with Voyager Backpack",ASUS,https://www.newegg.com/p/2WC-000N-0AWM5?Item=9SIAMRPJYH1150
"Acer Nitro 5 15.6"" FHD IPS 144Hz Display Gaming Laptop | Intel Core i7-11800H | NVIDIA GeForce RTX 3050Ti | 16GB RAM | 1024GB SSD | Backlit Keyboard | Windows 11 Home| with Mouse Pad Bundle",Acer,https://www.newegg.com/p/2WC-000K-01019?Item=9SIAKKBJPN6325
"ASUS TUF Gaming F15 Gaming Laptop, 15.6"" 144Hz Full HD IPS-Type, Intel Core i5-11400H, GeForce RTX 3050, 8GB DDR4, 512GB PCIe SSD, Gigabit Wi-Fi 6, Windows 11 Home, FX506HCB-US51",ASUS,https://www.newegg.com/eclipse-gray-asus-tuf-gaming-f15-fx506hcb-us51/p/N82E16834236241?Item=9SIAEYJJJD6414
"MSI GF Series GF63 Thin 11SC-693 15.6"" 60 Hz IPS Intel Core i5 11th Gen 11400H (2.70GHz) NVIDIA GeForce GTX 1650 Max-Q 8GB Memory 256 GB NVMe SSD Windows 11 Home 64-bit Gaming Laptop",MSI,https://www.newegg.com/black-msi-gf-series-gf63-thin-11sc-693-gaming/p/N82E16834156282?Item=9SIBGFVJTS5170
